{
  "CTk": {
    "fg_color": ["#5c549f", "#000"]
  },
  "CTkToplevel": {
    "fg_color": ["#5c549f", "#000"]
  },
  "CTkFrame": {
    "corner_radius": 6,
    "border_width": 0,
    "fg_color": ["gray90", "gray13"],
    "top_fg_color": ["gray85", "gray16"],
    "border_color": ["gray65", "gray28"]
  },
  "CTkButton": {
    "corner_radius": 6,
    "border_width": 1,
    "fg_color": ["#978dfd", "#191a19"],
    "hover_color": ["#6f68bd", "#4b4d4b"],
    "border_color": ["#3a3666", "#02b508"],
    "text_color": ["#FFFFFF", "#00ff04"],
    "text_color_disabled": ["gray74", "gray60"]
  },
  "CTkLabel": {
    "corner_radius": 0,
    "fg_color": "transparent",
    "text_color": ["#FFFFFF", "#00ff04"]
  },
  "CTkEntry": {
    "corner_radius": 6,
    "border_width": 2,
    "fg_color": ["#7d76d3", "#343638"],
    "border_color": ["#3a3666", "#565B5E"],
    "text_color": ["#000", "#00ff04"],
    "placeholder_text_color": ["#cdccd9", "gray62"]
  },
  "CTkCheckBox": {
    "corner_radius": 6,
    "border_width": 3,
    "fg_color": ["#3a7ebf", "#1f538d"],
    "border_color": ["#3a3666", "#949A9F"],
    "hover_color": ["#6f68bd", "#14375e"],
    "checkmark_color": ["#DCE4EE", "gray90"],
    "text_color": ["#FFFFFF", "#00ff04"],
    "text_color_disabled": ["gray60", "gray45"]
  },
  "CTkSwitch": {
    "corner_radius": 1000,
    "border_width": 3,
    "button_length": 0,
    "fg_color": ["#939BA2", "#4A4D50"],
    "progress_color": ["#3a7ebf", "#1f538d"],
    "button_color": ["#3b0103", "#183019"],
    "button_hover_color": ["gray20", "gray100"],
    "text_color": ["#FFFFFF", "#00ff04"],
    "text_color_disabled": ["gray60", "gray45"]
  },
  "CTkOptionMenu": {
    "corner_radius": 6,
    "fg_color": ["#978dfd", "#191a19"],
    "button_color": ["#7d76d3", "#02b508"],
    "button_hover_color": ["#6f68bd", "#4b4d4b"],
    "text_color": ["#FFFFFF", "#00ff04"],
    "text_color_disabled": ["gray74", "gray60"]
  },
  "CTkScrollbar": {
    "corner_radius": 1000,
    "border_spacing": 4,
    "fg_color": "transparent",
    "button_color": ["gray55", "gray41"],
    "button_hover_color": ["gray40", "gray53"]
  },
  "CTkTextbox": {
    "corner_radius": 6,
    "border_width": 2,
    "fg_color": ["#7d76d3", "#141414"],
    "border_color": ["#3a3666", "#02b508"],
    "text_color": ["#FFFFFF", "#00ff04"],
    "scrollbar_button_color": ["gray55", "gray41"],
    "scrollbar_button_hover_color": ["gray40", "gray53"]
  },
  "CTkScrollableFrame": {
    "label_fg_color": ["gray80", "gray21"]
  },
  "DropdownMenu": {
    "fg_color": ["#6f68bd", "gray20"],
    "hover_color": ["#978dfd", "gray28"],
    "text_color": ["#FFFFFF", "#00ff04"]
  },
  "CTkFont": {
    "macOS": {
      "family": "SF Display",
      "size": 13,
      "weight": "normal"
    },
    "Windows": {
      "family": "Roboto",
      "size": 13,
      "weight": "normal"
    },
    "Linux": {
      "family": "Roboto",
      "size": 13,
      "weight": "normal"
    }
  }
}
